Marca_Temporal,ID_Unico,Texto,Texto_Limpio,Longitud_Tokens
4/23/2024 19:48:07,PFNKXS54,Cuando enfrento una situación difícil trato de analizar todo el contexto para poder determinar cuál será la mejor solución y que no haya afectados. La decisión que yo tome debe ser por mí mismo que yo así lo haya querido y no busque justificación de culpables después.,Cuando enfrento una situación difícil trato de analizar todo el contexto para poder determinar cuál será la mejor solución y que no haya afectados. La decisión que yo tome debe ser por mí mismo que yo así lo haya querido y no busque justificación de culpables después.,59
4/23/2024 19:48:07,MKZUPRJI,Pensar en cómo resolverla ,Pensar en cómo resolverla,6
4/23/2024 19:48:07,UJCL56SG,"Pondría llorar, pero realmente no, intento descargarlo de alguna forma, generar un momento de catarsis, ya sea escribiendolo en mi diario, escribiendo alguna canción, llorando o solo intentar minimizarlo para no sentirme culpable por sentirlo y hacerme sentir mejor creyendo que otros la pasan peor y no debería yo ponerme así...","Pondría llorar, pero realmente no, intento descargarlo de alguna forma, generar un momento de catarsis, ya sea escribiendolo en mi diario, escribiendo alguna canción, llorando o solo intentar minimizarlo para no sentirme culpable por sentirlo y hacerme sentir mejor creyendo que otros la pasan peor y no debería yo ponerme así...",85
4/23/2024 19:48:07,B2KUCT4P,Me trato de tranquilizar si es necesario pido ayuda o hablo con alguien,Me trato de tranquilizar si es necesario pido ayuda o hablo con alguien,20
4/23/2024 19:48:07,GXLRPJ5F,Tiendo a pensar mucho pero al final aunque no esté segura lo hago y lo enfrento. ,Tiendo a pensar mucho pero al final aunque no esté segura lo hago y lo enfrento.,23
4/23/2024 19:48:07,U1856WJ8,"Depende, aveces prefiero evitar la situación mientras que otras solo intento ser resiliente","Depende, aveces prefiero evitar la situación mientras que otras solo intento ser resiliente",20
4/23/2024 19:48:07,ADDP44O9,"Hablarlo con algún de confianza, ser escuchado ayuda aun cuando no hay solución, buscar opciones para sobrellevar o solucionar la situación ","Hablarlo con algún de confianza, ser escuchado ayuda aun cuando no hay solución, buscar opciones para sobrellevar o solucionar la situación",33
4/23/2024 19:48:07,EL85BQ8X,La planeo con mucha calma,La planeo con mucha calma,7
4/23/2024 19:48:07,9LGMBDLF,"Pensar si puedo sobrellevarla y cuánto tiempo me tomaría. Si es muy difícil, frustrarme y llorar","Pensar si puedo sobrellevarla y cuánto tiempo me tomaría. Si es muy difícil, frustrarme y llorar",30
4/23/2024 19:48:07,TUW6M31C,"A veces busco una solución, si no la hay solamente dejo pasar todo para no afectarme más ","A veces busco una solución, si no la hay solamente dejo pasar todo para no afectarme más",21
4/23/2024 19:48:07,XH7ERTSE,"Primero veo a quienes esta afectando esta aparte de mi, luego busco opciones de como solucionar o sobrellevar la situacion, y escojo la opcion que muestre respuesta inmediata.","Primero veo a quienes esta afectando esta aparte de mi, luego busco opciones de como solucionar o sobrellevar la situacion, y escojo la opcion que muestre respuesta inmediata.",46
4/23/2024 19:48:07,HNAK6DR5,Tomar cosas con calma y de forma rápida ,Tomar cosas con calma y de forma rápida,10
4/23/2024 19:48:07,IAADDB7O,"Me tomo mi tiempo para pensar una solución, después de hacer todo lo de la toma de decisión, pasar un tiempo (a veces días o semanas) sobre pensando todo y las consecuencias, esperar un momento adecuado y gracias a la impulsividad terminar haciendo x o y cosa","Me tomo mi tiempo para pensar una solución, después de hacer todo lo de la toma de decisión, pasar un tiempo (a veces días o semanas) sobre pensando todo y las consecuencias, esperar un momento adecuado y gracias a la impulsividad terminar haciendo por o y cosa",59
4/23/2024 19:48:07,7FKG0LV6,Trato de buscar ayuda o sino es posible idear un plan con pasos y etapas ,Trato de buscar ayuda o sino es posible idear un plan con pasos y etapas,17
4/23/2024 19:48:07,HJB227EF,"respirar, fumarme un cigarro, distraerme","respirar, fumarme un cigarro, distraerme",16
4/23/2024 19:48:07,GBDDJNH0,"Tomar calma, estar lo mas tranquila posible, marcarle a un familiar y buscar una solución al problema.","Tomar calma, estar lo mas tranquila posible, marcarle a un familiar y buscar una solución al problema.",25
4/23/2024 19:48:07,9ZRTSOTK,"Guardar la calma y tratar de pedir consejos, además de mantener mis acciones coherentes.","Guardar la calma y tratar de pedir consejos, además de mantener mis acciones coherentes.",22
4/23/2024 19:48:07,0FQMQ0V1,"Pongo musica que me tranquilice o libere el estres, como o bien me repito que no todas las situaciones no pueden salir a mi favor y no hay problema tan grande que no tenga solucion","Pongo musica que me tranquilice o libere el estres, como o bien me repito que no todas las situaciones no pueden salir a mi favor y no hay problema tan grande que no tenga solucion",45
4/23/2024 19:48:07,60S1CVNZ,Analizo la problemática y busco posibles soluciones a ella que no importa si llevan tiempo o trabajo con tal de ser las adecuadas,Analizo la problemática y busco posibles soluciones a ella que no importa si llevan tiempo o trabajo con tal de ser las adecuadas,31
4/23/2024 19:48:07,GKU8ECFL,Cuando entre a la universidad fue una desicion dificil escoger mi carrera y ahorita quiero emprender porque me siento con muy poco dinero ,Cuando entre a la universidad fue una desicion dificil escoger mi carrera y ahorita quiero emprender porque me siento con muy poco dinero,34
4/23/2024 19:48:07,WED8UH5D,Me enojo y busco la solución ,Me enojo y busco la solución,8
4/23/2024 19:48:07,FM5YVNM2,"Posiblemente siempre lloro primero, después trato de buscar ayuda y darle solución como planear que haré y por que. ","Posiblemente siempre lloro primero, después trato de buscar ayuda y darle solución como planear que haré y por que.",28
4/23/2024 19:48:07,TOKIQV38,"Me alejo, me aíslo para pensar las cosas y analizar la situación, en privacidad de mi hogar priorizo mis sentimientos he intento platicar conmigo misma para verlo desde una perspectiva mas profunda. ","Me alejo, me aíslo para pensar las cosas y analizar la situación, en privacidad de mi hogar priorizo mis sentimientos he intento platicar conmigo misma para verlo desde una perspectiva mas profunda.",47
4/23/2024 19:48:16,QHVZR83J,"1.Expreso mis emociones.
2.Pido ayuda a la persona en que más confio.
3.Trato de distraerme con cosas que me hagan feliz.
4.Busco alguna motivación para poder salir adelante.",1.Expreso mis emociones. 2.Pido ayuda a la persona en que más confio. 3.Trato de distraerme con cosas que me hagan feliz. 4.Busco alguna motivación para poder salir adelante.,52
4/23/2024 19:52:34,QXIEYINQ,Pedir consejo a un amigo y seguir mi intuición,Pedir consejo a un amigo y seguir mi intuición,12
4/23/2024 20:03:37,KLWAYA6Z,"Relajarme y escuchar música, estar con mis amigos ","Relajarme y escuchar música, estar con mis amigos",14
4/23/2024 20:13:28,U57VENCU,"sin que nadie me vea lloro
después pienso en todo, que fue lo que paso,  pienso cuantos escenarios puedo encontrar, que consecuencias hay, busco soluciones y actuó/decido","sin que nadie me vea lloro después pienso en todo, que fue lo que paso, pienso cuantos escenarios puedo encontrar, que consecuencias hay, busco soluciones y actuó/decido",46
4/23/2024 20:13:37,A2IERC7W,Trato de tener la mente despejada para tomar la mejor desición ,Trato de tener la mente despejada para tomar la mejor desición,15
4/23/2024 20:18:00,9N5PTUUF,Orar,Orar,2
4/23/2024 20:28:40,SXA26XSC,"Primero pedir consejo de gente y dependiendo de la situación puedo analizar si lo que pasará me afectara o puedo vivir con eso, de esa forma evito estresarme y sobre-pensar. Aun así suelo evitar esas situaciones difíciles porque me agobian mentalmente a un punto donde no puedo concentrarme, me es más fácil escapar de esas situaciones que enfrentarlas ","Primero pedir consejo de gente y dependiendo de la situación puedo analizar si lo que pasará me afectara o puedo vivir con eso, de esa forma evito estresarme y sobre-pensar. Aun así suelo evitar esas situaciones difíciles porque me agobian mentalmente a un punto donde no puedo concentrarme, me es más fácil escapar de esas situaciones que enfrentarlas",81
4/23/2024 20:30:08,XEDRH93Z,Mantengo la calma y analizar la situación. Busco apoyo en amigos o familiares y trato de encontrar una solución. También trato de aprender de la experiencia para enfrentar situaciones similares en el futuro.,Mantengo la calma y analizar la situación. Busco apoyo en amigos o familiares y trato de encontrar una solución. También trato de aprender de la experiencia para enfrentar situaciones similares en el futuro.,43
4/23/2024 20:43:09,S8Y84CH8,Si es algo malo suelo llorar. Lloro mucho y después comienzo a planear qué puedo hacer para salir de ahí. Si siento que no puedo sola pido ayuda a las personas que sé que me van a brindar la ayuda adecuada para esa situación. ,Si es algo malo suelo llorar. Lloro mucho y después comienzo a planear qué puedo hacer para salir de ahí. Si siento que no puedo sola pido ayuda a las personas que sé que me van a brindar la ayuda adecuada para esa situación.,59
4/23/2024 20:44:26,HG74CPSK,Pensar con la cabeza fría ,Pensar con la cabeza fría,7
4/23/2024 21:02:39,L2RH302J,Princiapalmente analizar la situacion he intentar encontrar la solucion mas viable.,Princiapalmente analizar la situacion he intentar encontrar la solucion mas viable.,20
4/23/2024 21:05:33,FN2PCHS1,Lo llego a platicar o analizar cuando llego a requerir un consejo y lo afronto después ,Lo llego a platicar o analizar cuando llego a requerir un consejo y lo afronto después,24
4/23/2024 21:10:29,GUS8V807,"Mantengo la cabeza fría para no tomar decisiones que se vean afectadas por las emociones que estas situaciones generan, el camino más corto aunque impliquen desagrados. Busco la efectividad y pronta resolución. ","Mantengo la cabeza fría para no tomar decisiones que se vean afectadas por las emociones que estas situaciones generan, el camino más corto aunque impliquen desagrados. Busco la efectividad y pronta resolución.",51
4/23/2024 21:26:04,3GGBO8RK,Si es algo que solo me afecta a mi y sé que su solución la puedo posponer prefiero no pensar mucho en ello aunque si se me ocurre alguna solución trato de ejecutarla lo más pronto posible.,Si es algo que solo me afecta a mi y sé que su solución la puedo posponer prefiero no pensar mucho en ello aunque si se me ocurre alguna solución trato de ejecutarla lo más pronto posible.,46
4/23/2024 21:27:00,3DA9WB82,Respirar y tomar un break,Respirar y tomar un break,7
4/23/2024 21:37:25,4SUVP1WR,"Trato de mantener la calma y la compostura, determino si necesito ayuda o no, intento dar pasos lentos pero seguros, y siempre intento darme un espacio seguro dentro de mi mente para protegerme de lo que sea que me tenga que enfrentar (algo así como un refugio mental). ","Trato de mantener la calma y la compostura, determino si necesito ayuda o no, intento dar pasos lentos pero seguros, y siempre intento darme un espacio seguro dentro de mi mente para protegerme de lo que sea que me tenga que enfrentar (algo así como un refugio mental).",68
4/23/2024 22:47:07,JOAT36RK,"Respiro, veo la situación e intento ser la mediadora con todos, que sientan confianza de hablar sobre los difícil que es mientras me mantengo tranquila","Respiro, veo la situación e intento ser la mediadora con todos, que sientan confianza de hablar sobre los difícil que es mientras me mantengo tranquila",35
4/23/2024 22:57:11,53EHQAPE,Trato de estar enfocada y calamasa ,Trato de estar enfocada y calamasa,11
4/23/2024 23:46:42,PVDRLPQL,"Trato de analizar la situación desde diferentes perspectivas, tener un buen plan de cómo atacar la situación, dividir las partes que son más conflictivas en porciones pequeñas e ir ajustando sobre la marcha lo que no vaya saliendo como se espera.","Trato de analizar la situación desde diferentes perspectivas, tener un buen plan de cómo atacar la situación, dividir las partes que son más conflictivas en porciones pequeñas e ir ajustando sobre la marcha lo que no vaya saliendo como se espera.",53
4/23/2024 23:57:44,K8SLYVAW,"Lo que he identificado al momento de enfrentar una situación difícil es que acudo a un espacio seguro, ya sea un lugar o amigos como red de apoyo. Posteriormente les converso sobre lo que sucede, y después al platicarlo llego a una resolución. En caso de ser una situación difícil a resolver de manera inminente, primero me aseguro de que toda emoción fuerte la disipe mediante alguna técnica de ""grounding"" y posteriormente decido lo que mejor me convenga.","Lo que he identificado al momento de enfrentar una situación difícil es que acudo a un espacio seguro, ya sea un lugar o amigos como red de apoyo. Posteriormente les converso sobre lo que sucede, y después al platicarlo llego a una resolución. En caso de ser una situación difícil a resolver de manera inminente, primero me aseguro de que toda emoción fuerte la disipe mediante alguna técnica de ""grounding"" y posteriormente decido lo que mejor me convenga.",103
4/24/2024 0:02:54,TUNKCUEZ,"Ponerme a pensar en las posibilidades y una posible solución, y a la vez calmarme y concentrarme para enfrentar y resolver el problema ","Ponerme a pensar en las posibilidades y una posible solución, y a la vez calmarme y concentrarme para enfrentar y resolver el problema",31
4/24/2024 1:16:24,5I7IDE86,"Pienso cuál es la mejor forma de solucionar el problema, dado que todo las dificultades que eh enfrentado siempre han tenido solución, quizás no como lo quisiera, pero al menos se que llegaron a una solución.","Pienso cuál es la mejor forma de solucionar el problema, dado que todo las dificultades que eh enfrentado siempre han tenido solución, quizás no como lo quisiera, pero al menos se que llegaron a una solución.",51
4/24/2024 10:55:51,WG8ABYZS,"Respiro, luego analizo y ejecuto","Respiro, luego analizo y ejecuto",10
4/24/2024 11:16:48,QCURT76I,"intento sola sentir lo que sea que experimente, lo reconozco y empiezo a pensar en mis opciones","intento sola sentir lo que sea que experimente, lo reconozco y empiezo a pensar en mis opciones",24
4/24/2024 11:24:06,8OVFX977,"Tener fé, y enfrentarlo de forma indirecta o directa","Tener fé, y enfrentarlo de forma indirecta o directa",14
4/24/2024 11:27:42,PPZXS8CP,"Suelo meditar y buscar una solución por mi cuenta, en caso de que no lo logré busco asesoría de alguien mayor a mi.","Suelo meditar y buscar una solución por mi cuenta, en caso de que no lo logré busco asesoría de alguien mayor a mi.",31
4/24/2024 11:28:12,T38J7JB4,"ESTRESARME UN RATO, RELAJARME Y PENSAR SOBRE EL TEMA.","ESTRESARME UN RATO, RELAJARME Y PENSAR SOBRE EL TEMA.",27
4/24/2024 11:29:56,TE4FJ4MH,Relajarme escuchando música o saliendo a caminar y una vez calmado pensé en la solución ,Relajarme escuchando música o saliendo a caminar y una vez calmado pensé en la solución,26
4/24/2024 11:30:15,ZELPD30F,"La confrontó y sea lo que tenga que ser, si es para ti es para ti, si no lo es ni modo y para delante. ","La confrontó y sea lo que tenga que ser, si es para ti es para ti, si no lo es ni modo y para delante.",30
4/24/2024 11:31:24,PUV5RTZG,"Trato de calmarme, de pensar las cosas y buscar soluciones, o expresarlo con las personas más allegadas a mi ","Trato de calmarme, de pensar las cosas y buscar soluciones, o expresarlo con las personas más allegadas a mi",28
4/24/2024 11:32:16,33JDURG7,"Primero, y dependiendo de la situación, tiendo a llorar y aclarar mis emociones, ya que me cuesta mucho identificarlas correctamente, después de eso analizó que debo hacer","Primero, y dependiendo de la situación, tiendo a llorar y aclarar mis emociones, ya que me cuesta mucho identificarlas correctamente, después de eso analizó que debo hacer",43
4/24/2024 11:32:59,EAM2O87V,Suelo hacerle frente poco a poco.,Suelo hacerle frente poco a poco.,9
4/24/2024 11:33:22,H22AN93K,Pensar en las soluciones más viables,Pensar en las soluciones más viables,9
4/24/2024 11:35:28,IRB84959,Abordarla de la forma más rápida posible,Abordarla de la forma más rápida posible,10
4/24/2024 11:39:35,XOF6KQ1G,Trato.de tranquilizarme y pensar con la cabeza fria,Trato.de tranquilizarme y pensar con la cabeza fria,17
4/24/2024 11:40:06,1GC9M0FT,Ignoro la situación ,Ignoro la situación,5
4/24/2024 11:41:02,DZ9DN7BK,Trato de buscar una solucion ya que se que casi nunca cuento con nadie mas que yo mismo,Trato de buscar una solucion ya que se que casi nunca cuento con nadie mas que yo mismo,22
4/24/2024 11:41:30,ZF56737V,"La confronto a como venga, hago lo que está en mis manos hacer y no me preocupo por lo que no puedo controlar.","La confronto a como venga, hago lo que está en mis manos hacer y no me preocupo por lo que no puedo controlar.",31
4/24/2024 11:53:22,HGX6HZA2,"Entender las consecuencias, aceptarlas y asi buscar la mejor opcion consiguiendo el mejor beneficio posible.","Entender las consecuencias, aceptarlas y asi buscar la mejor opcion consiguiendo el mejor beneficio posible.",24
4/24/2024 11:57:08,S2ATVULP,Pienso y lo hago,Pienso y lo hago,7
4/24/2024 11:58:50,GFSFOGBV,"Platicarlo con varios amigos, meditación y trabajo para superar aquella situación ","Platicarlo con varios amigos, meditación y trabajo para superar aquella situación",16
4/24/2024 12:03:52,DPW9GBQ3,Asumir la problemática y definir la mejor opción para atacarla.,Asumir la problemática y definir la mejor opción para atacarla.,15
4/24/2024 12:10:15,2YB4F1WO,Trato de buscar la forma de enfrentarlo de la manera más tranquila y si es necesario buscar ayuda de alguien más ,Trato de buscar la forma de enfrentarlo de la manera más tranquila y si es necesario buscar ayuda de alguien más,25
4/24/2024 12:11:29,LOKQGFF4,"Trato de solucionarlo rápido, en caso de no poder darle solución pedir ayuda si es posible y aprender lo mas que pueda de estas situaciones.","Trato de solucionarlo rápido, en caso de no poder darle solución pedir ayuda si es posible y aprender lo mas que pueda de estas situaciones.",33
4/24/2024 12:19:11,LI6RUZZW,"Analizar la situación, pienso en muchas cosas y antes de hundirme en mis pensamientos veo todo desde una perspectiva diferente, como si tuviera que darme un consejo a mi mismo, todos desde una perspectiva muy neutral y entonces logro aclarar mi mente y mis pensamientos para tomar la mejor decisión","Analizar la situación, pienso en muchas cosas y antes de hundirme en mis pensamientos veo todo desde una perspectiva diferente, como si tuviera que darme un consejo a mi mismo, todos desde una perspectiva muy neutral y entonces logro aclarar mi mente y mis pensamientos para tomar la mejor decisión",67
4/24/2024 12:20:06,VHUGEE7Y,Tomo los suficientes consejos para tomar una decisión que no me afecte tanto.,Tomo los suficientes consejos para tomar una decisión que no me afecte tanto.,18
4/24/2024 12:24:41,U5RVW5N7,"Ante situaciones difíciles, analizo y trato de  identificar opciones, busco apoyo si es necesario","Ante situaciones difíciles, analizo y trato de identificar opciones, busco apoyo si es necesario",21
4/24/2024 12:25:11,NG3F2CJ4,"Yo soy una persona muy emocional y por lo tanto siento que hay varias cosas me afectan bastante tanto que se trate de una situación familiar, amigos o pareja. Me permito sentir las malas emociones y poco a poco voy enfrentando el problema ","Yo soy una persona muy emocional y por lo tanto siento que hay varias cosas me afectan bastante tanto que se trate de una situación familiar, amigos o pareja. Me permito sentir las malas emociones y poco a poco voy enfrentando el problema",58
4/24/2024 12:26:00,ETSMGZBD,Intento mantener la calma ,Intento mantener la calma,6
4/24/2024 12:33:39,AY3IGV3Q,"Pido ayuda, si bien se, soy muy orgulloso y quiero demostrar que casi todo puedo hacerlo solo yo, cuando de verdad no puedo, o veo algo que conscientemente me va a costar mucho, no tengo pena y pido ayuda, amigos o familia.","Pido ayuda, si bien se, soy muy orgulloso y quiero demostrar que casi todo puedo hacerlo solo yo, cuando de verdad no puedo, o veo algo que conscientemente me va a costar mucho, no tengo pena y pido ayuda, amigos o familia.",62
4/24/2024 12:38:17,EUW2F405,"Suelo tomarme un momento para reflexionar y calmarme. Luego, analizo la situación de manera objetiva, buscando posibles soluciones y considerando las consecuencias de cada opción. También suelo buscar apoyo en personas de confianza para obtener diferentes perspectivas y consejos. Finalmente, elijo la mejor opción y actúo con determinación y paciencia para resolver la situación de la mejor manera posible.","Suelo tomarme un momento para reflexionar y calmarme. Luego, analizo la situación de manera objetiva, buscando posibles soluciones y considerando las consecuencias de cada opción. También suelo buscar apoyo en personas de confianza para obtener diferentes perspectivas y consejos. Finalmente, elijo la mejor opción y actúo con determinación y paciencia para resolver la situación de la mejor manera posible.",84
4/24/2024 12:53:16,ZLQAYMFG,"Me planteo el como superarlo física y emocionalmente, tratando de no ser afectado ni mis alrededores salgan afectados por como me sienta al respecto, de algún modo adaptando mi mente para decir que ya sucedió y ni modos.","Me planteo el como superarlo física y emocionalmente, tratando de no ser afectado ni mis alrededores salgan afectados por como me sienta al respecto, de algún modo adaptando mi mente para decir que ya sucedió y ni modos.",54
4/24/2024 12:56:33,LQY5OSVH,"Ordenar los pensamientos, analizar alternativas para actuar o no, buscar soluciones, mantener un control de la situación internamente ","Ordenar los pensamientos, analizar alternativas para actuar o no, buscar soluciones, mantener un control de la situación internamente",27
4/24/2024 13:03:03,Y5I54ZU1,Trato de tomarlo con calma y ver todas las opciones ,Trato de tomarlo con calma y ver todas las opciones,14
4/24/2024 13:30:30,1Y7ATVYP,Pido ayuda con alguien que sepa o tenga más experiencia ,Pido ayuda con alguien que sepa o tenga más experiencia,12
4/24/2024 13:43:01,U3RWWQRL,"Pensar y buscar una solución de inmediato, tomando en cuenta los consejos de mi entorno. ","Pensar y buscar una solución de inmediato, tomando en cuenta los consejos de mi entorno.",20
4/24/2024 13:48:24,EG8V8IQ1,"Con la cabeza tranquila, vemos las posibilidades o soluciones, hacemos acciones para resolverlo y tratar de mejorar ","Con la cabeza tranquila, vemos las posibilidades o soluciones, hacemos acciones para resolverlo y tratar de mejorar",26
4/24/2024 14:34:04,POQ9TK13,Veo la forma de solucionarlo solo si no es posible hablo con alguj familiar de mucha confianza ,Veo la forma de solucionarlo solo si no es posible hablo con alguj familiar de mucha confianza,24
4/24/2024 15:03:56,VONE103T,No me molesta pedir ayuda ,No me molesta pedir ayuda,7
4/24/2024 15:34:08,893V9WHU,Tiendo a llorar aunque eso no solucione nada,Tiendo a llorar aunque eso no solucione nada,12
4/24/2024 15:43:23,JPFVNJKI,"Intento buscar la solucion, pero antes de ello me estreso, si no consigo resolverlo sola, pido ayuda a alguien mas","Intento buscar la solucion, pero antes de ello me estreso, si no consigo resolverlo sola, pido ayuda a alguien mas",32
4/24/2024 15:48:07,QU685VKV,Meditarlo.,Meditarlo.,4
4/24/2024 15:54:20,Z6ZGAS4H,"Pensar detalladamente que es lo que voy a hacer. 
Como es una situación difícil, tal vez es algo que me va a llevar tiempo resolver, no va a ser fácil, pero debemos lograrlo, con los mínimos errores posibles, porque de que habrá errores, los habrá, pero siempre se tratará que no perjudiquen tanto en la situación. ","Pensar detalladamente que es lo que voy a hacer. Como es una situación difícil, tal vez es algo que me va a llevar tiempo resolver, no va a ser fácil, pero debemos lograrlo, con los mínimos errores posibles, porque de que habrá errores, los habrá, pero siempre se tratará que no perjudiquen tanto en la situación.",80
4/24/2024 16:24:34,I7OEHA3M,relajo mi mente escuchando música o bromeando con la situación para pensar tranquilamente una solución ,relajo mi mente escuchando música o bromeando con la situación para pensar tranquilamente una solución,25
4/24/2024 16:25:34,945RIESS,Llorar.,Llorar.,4
4/24/2024 16:42:06,OY89I1AT,Llorar,Llorar,3
4/24/2024 17:26:44,MHA8ZTS5,Intentar enfocar mis pensamientos en una cosa ajena ,Intentar enfocar mis pensamientos en una cosa ajena,14
4/24/2024 18:05:56,RA4Y9X5E,Pues me pongo  a pensar cual es la menera de solucionar el problema y despues enpiezo hacer lo que tengo que hacer.,Pues me pongo a pensar cual es la menera de solucionar el problema y despues enpiezo hacer lo que tengo que hacer.,33
4/24/2024 18:20:17,LXDB8W6X,Me intento tranquilizar y si no puedo pido ayuda ,Me intento tranquilizar y si no puedo pido ayuda,15
4/24/2024 18:20:36,G6ZRICXV,Pues respiro y doy toda mi actitud y desempeño en esa situación trato de no molestarme si no resulta como tengo pensado.,Pues respiro y doy toda mi actitud y desempeño en esa situación trato de no molestarme si no resulta como tengo pensado.,34
4/24/2024 18:27:11,S1Z2D8M2,Pienso todos los resultados posibles ya sean buenos o malos y tomo unandecision y aveces pedir un consejo,Pienso todos los resultados posibles ya sean buenos o malos y tomo unandecision y aveces pedir un consejo,27
4/24/2024 19:06:32,RC5G5VFK,Trato de resolverlo sola y muchas veces busco ayuda con mi pareja o en casos donde no puedo con mis padres porque 2 cabezas piensan mejor que una ,Trato de resolverlo sola y muchas veces busco ayuda con mi pareja o en casos donde no puedo con mis padres porque 2 cabezas piensan mejor que una,34
4/24/2024 19:07:31,947J0Q5A,"Tratar de calmarme y buscar soluciones, si no puedo hacerlo solo consultar a alguien que me pueda ayudar","Tratar de calmarme y buscar soluciones, si no puedo hacerlo solo consultar a alguien que me pueda ayudar",25
4/24/2024 19:40:22,W9LAW009,"Trato lo más posible de calmarme con estrategias tradicionales (ejercicios de respiración, música, ejercicio rápido) o cuando es imposible lo anterior o no ayuda me quedo callado pero por dentro estoy gritando. De hecho en algunas situaciones cuando me siente tan abrumado grito en una almohada en mi cuarto y lloro.","Trato lo más posible de calmarme con estrategias tradicionales (ejercicios de respiración, música, ejercicio rápido) o cuando es imposible lo anterior o no ayuda me quedo callado pero por dentro estoy gritando. De hecho en algunas situaciones cuando me siente tan abrumado grito en una almohada en mi cuarto y lloro.",76
4/24/2024 19:48:20,2QH0OQRP,"Primero trato de calmar mis emociones, ser objetiva, siempre busco una opinión más, de mi psicólogo por ejemplo, y leo algunos versículos que se adecuen a mi situación y me ayuden a una buena decisión ","Primero trato de calmar mis emociones, ser objetiva, siempre busco una opinión más, de mi psicólogo por ejemplo, y leo algunos versículos que se adecuen a mi situación y me ayuden a una buena decisión",52
4/24/2024 19:53:13,9FBVNJ3U,Analizar la manera más efectiva de resolverlo tratando siempre de resultar no tan afectados por la situación ,Analizar la manera más efectiva de resolverlo tratando siempre de resultar no tan afectados por la situación,23
4/24/2024 20:57:53,IRIJAUXK,Trato de calmarme y hacer lo mejor posible para poder resolver la situación sin que mis sentimientos generen un sesgo. Si las circunstancias lo requieren pido ayuda amigos o familia y busco formas creativas de afrontar el problema.,Trato de calmarme y hacer lo mejor posible para poder resolver la situación sin que mis sentimientos generen un sesgo. Si las circunstancias lo requieren pido ayuda amigos o familia y busco formas creativas de afrontar el problema.,51
4/24/2024 21:00:13,H7ZSLKYX,"busco a Dios, trato de pensar sin emociones para tomar la mejor decisión ","busco a Dios, trato de pensar sin emociones para tomar la mejor decisión",18
4/24/2024 22:49:25,ZNQELPB7,"Pienso en las posibles acciones con las que puedo abordar la situación, en base a ello tomo la que creo que será la mejor, ya me tocara vivir las consecuencias.","Pienso en las posibles acciones con las que puedo abordar la situación, en base a ello tomo la que creo que será la mejor, ya me tocara vivir las consecuencias.",41
4/24/2024 23:23:27,J9Q8IXFH,veo los diferentes escenarios que puedan pasar,veo los diferentes escenarios que puedan pasar,9
4/24/2024 23:33:27,2ON6FVSH,Me pongo nerviosa,Me pongo nerviosa,6
4/25/2024 9:36:25,ES771SD8,"Evaluo toda la situación, me sostengo de las personas que me importan y trato de saber su punto de vista para poder llevar a un buen lugar esa situación ","Evaluo toda la situación, me sostengo de las personas que me importan y trato de saber su punto de vista para poder llevar a un buen lugar esa situación",36
4/25/2024 10:52:29,FZRWA0SY,"Mantener la calma y tomar la decision mas adecuada , sin prejudicar a nadie ","Mantener la calma y tomar la decision mas adecuada , sin prejudicar a nadie",20
4/25/2024 11:40:29,1KWDDNOH,Trato de enfocar mi mente al 100% en el problema y dejar de lado lo que siento,Trato de enfocar mi mente al 100% en el problema y dejar de lado lo que siento,22
4/25/2024 11:42:43,5CHTZV8O,Cuando enfrento una situación difícil trato de mantener la calma y la mente fría lo máximo posible.,Cuando enfrento una situación difícil trato de mantener la calma y la mente fría lo máximo posible.,23
4/25/2024 12:15:55,RQF9W09V,Escucho música o me aisló hasta que se me pase porque no me gusta dañar a las personas ,Escucho música o me aisló hasta que se me pase porque no me gusta dañar a las personas,24
4/25/2024 12:16:44,Q7YR6JAL,"Estresarme, calmarme, razonar y encontrar la solución de una u otra forma.","Estresarme, calmarme, razonar y encontrar la solución de una u otra forma.",20
4/25/2024 12:21:21,YMU2FALS,"Primero ver las posibles soluciones de la situación difícil,  y en base a las soluciones trabajar para enfrentarla de manera exitosa.","Primero ver las posibles soluciones de la situación difícil, y en base a las soluciones trabajar para enfrentarla de manera exitosa.",28
4/25/2024 12:28:34,BUUJHLBW,"Maldecir la situación, analizar la situación ver los posibles caminos y soluciones mentalizarse y terminar gritando en mi mente ""no se cómo pero aquí y ahora superare mis límites""","Maldecir la situación, analizar la situación ver los posibles caminos y soluciones mentalizarse y terminar gritando en mi mente ""no se cómo pero aquí y ahora superare mis límites""",41
4/25/2024 12:54:19,6OG08UL5,"Me quedó en silencio y pienso mucho las cosas, para lograr encontrar una solución ","Me quedó en silencio y pienso mucho las cosas, para lograr encontrar una solución",18
4/25/2024 12:55:12,UYE2QAWR,Ayudarlo a resolver ese problemas,Ayudarlo a resolver ese problemas,7
4/25/2024 13:02:31,0YIJFHVF,"Pues primero tengo que enfrentar el problema, y si no, trato de evadirlo ","Pues primero tengo que enfrentar el problema, y si no, trato de evadirlo",20
4/25/2024 13:31:22,0WK1Q15C,"pienso en alguna solucion, y en caso de que no este en mis manos, pido ayuda. ","pienso en alguna solucion, y en caso de que no este en mis manos, pido ayuda.",24
4/25/2024 14:51:28,89R7BFY3,Mentalizarme por las noches y entender la situación. También me gusta entrenar cuando me siento así ,Mentalizarme por las noches y entender la situación. También me gusta entrenar cuando me siento así,23
4/25/2024 18:06:23,W8897XTA,Hablar con amigos o mi familia,Hablar con amigos o mi familia,8
4/25/2024 18:26:25,MOXPM084,"Primero estar tranquilo, analizar la situación y tomar una decisión","Primero estar tranquilo, analizar la situación y tomar una decisión",16
4/25/2024 18:32:43,DXF0Z2FN,Encararla y tomar las mejores decisiones,Encararla y tomar las mejores decisiones,7
4/25/2024 18:42:00,NDMKZW1M,"Trato de tranquilizarme, aunque realmente me cuesta mucho hacerlo","Trato de tranquilizarme, aunque realmente me cuesta mucho hacerlo",17
4/25/2024 19:18:17,A8QN8I2L,"Busco diferentes soluciones, veo la que mas se acomode a mis habilidades y  realizo  ","Busco diferentes soluciones, veo la que mas se acomode a mis habilidades y realizo",21
4/25/2024 19:33:43,UBSR9VC8,"Tomar un momento para descansar, analizar la situación y buscar posibles soluciones, luego buscar maneras de como actuar para conseguir la solución ","Tomar un momento para descansar, analizar la situación y buscar posibles soluciones, luego buscar maneras de como actuar para conseguir la solución",30
4/25/2024 19:38:25,W8ILZE4K,Ser objetivo.,Ser objetivo.,3
4/25/2024 19:49:50,ONSV8AYQ,"a veces pienso mucho, si puedo evitarlo lo evito, si puedo hacer que se resuelva rapido lo hago, sino simplemente hago lo que pueda","a veces pienso mucho, si puedo evitarlo lo evito, si puedo hacer que se resuelva rapido lo hago, sino simplemente hago lo que pueda",38
4/25/2024 20:20:12,OY7Q1STH,Ver el desde el inicio en dónde cometí el error,Ver el desde el inicio en dónde cometí el error,12
4/25/2024 21:18:09,A9SQ6NWO,"Veo siempre el lado positivo y realista, trato de llevarlo con tranquilidad, suprimo esos sentimientos y ser fuerte es lo que me ayuda","Veo siempre el lado positivo y realista, trato de llevarlo con tranquilidad, suprimo esos sentimientos y ser fuerte es lo que me ayuda",34
4/25/2024 21:55:05,1C8YLNRI,"Últimamente no se, supongo ser fuerte y decidido ","Últimamente no se, supongo ser fuerte y decidido",16
4/25/2024 22:01:24,U8GAYRZ7,"Trato de quitarle toda expectativa u emoción a la situación,  para pensarla y darle vueltas, hasta que encuentre una salida.","Trato de quitarle toda expectativa u emoción a la situación, para pensarla y darle vueltas, hasta que encuentre una salida.",35
4/26/2024 6:49:03,F65E8SEA,"En un primer momento, puede que tenga ganas de llorar pero después trato de calmarme para después reflexionar de manera asertiva en qué puedo hacer si es que está en mis posibilidades para salir de esa situación ","En un primer momento, puede que tenga ganas de llorar pero después trato de calmarme para después reflexionar de manera asertiva en qué puedo hacer si es que está en mis posibilidades para salir de esa situación",49
4/26/2024 10:01:08,16UOLNVY,Recapacitar y seguir adelante.,Recapacitar y seguir adelante.,7
4/26/2024 10:39:25,D1S2USQV,Analizo todas las alternativas posibles para darle solución a la situación y si no hay alguna solo dejo que fluya ,Analizo todas las alternativas posibles para darle solución a la situación y si no hay alguna solo dejo que fluya,26
4/26/2024 11:14:18,83ECQ6P2,"intento mantener la calma, aunque por dentro este sufriendo en silencio muchas veces me quedo callado y no lo comparto con nadie.","intento mantener la calma, aunque por dentro este sufriendo en silencio muchas veces me quedo callado y no lo comparto con nadie.",32
4/26/2024 11:50:56,LS7WFV2B,"Intento no dejar que las emociones me dominen y mantener una mente fría para poder tener ideas que puedan ayudar a salir de dicha situación, intentar buscar la opción más viable que sea neutra y no afecte más de lo que la situación puede ya estar.","Intento no dejar que las emociones me dominen y mantener una mente fría para poder tener ideas que puedan ayudar a salir de dicha situación, intentar buscar la opción más viable que sea neutra y no afecte más de lo que la situación puede ya estar.",57
4/26/2024 12:56:50,OAZ5FC8A,Encontrar posibles soluciones y tranquilizarme y tratar de no pensar en ello,Encontrar posibles soluciones y tranquilizarme y tratar de no pensar en ello,20
4/26/2024 13:17:38,DCV5DO3V,"Llorar, buscar soluciones, implementarlas","Llorar, buscar soluciones, implementarlas",11
4/26/2024 13:22:06,STTZ7KC4,Pensar en cómo resolver y tratar de calmarme,Pensar en cómo resolver y tratar de calmarme,11
4/26/2024 13:24:46,BNMM9UFQ,"Intentar mantener la calma, pensar en posibles soluciones y enfrentar la solución de frente","Intentar mantener la calma, pensar en posibles soluciones y enfrentar la solución de frente",19
4/26/2024 13:25:21,TA1NU1V7,Respirar u saber cómo arreglar el problema ,Respirar u saber cómo arreglar el problema,11
4/26/2024 13:25:59,UGTBZ7P3,Hacer ejercicio ,Hacer ejercicio,3
4/26/2024 13:40:10,SOQQDFEW,Ver las opciones que nos dan y dar apoyo ,Ver las opciones que nos dan y dar apoyo,10
4/26/2024 13:49:23,0A63PM6K,"Creo que actuó con forme a las circunstancias, no tengo como un camino que seguir, simplemente con lo que tengo, actúo, aunque tenga que salirme de mi zona de confort. ","Creo que actuó con forme a las circunstancias, no tengo como un camino que seguir, simplemente con lo que tengo, actúo, aunque tenga que salirme de mi zona de confort.",42
4/26/2024 13:50:36,X0GVR7CK,Comienzo cuanto antes y planifico,Comienzo cuanto antes y planifico,9
4/26/2024 13:54:03,19NLQDKA,"Primero lloro, suena raro pero primero me pondría muy triste y después trataría de encontrar una solución al problema ","Primero lloro, suena raro pero primero me pondría muy triste y después trataría de encontrar una solución al problema",25
4/26/2024 13:57:41,2E2IMZRO,"Me pongo nervioso, pero desues de pensar en como debo actuar, lo hago","Me pongo nervioso, pero desues de pensar en como debo actuar, lo hago",21
4/26/2024 14:10:39,21X2D6PW,Lo platico con mis padres y mi abuelita,Lo platico con mis padres y mi abuelita,11
4/26/2024 14:18:29,GP42KD2C,Afrontarla,Afrontarla,3
4/26/2024 14:32:36,27WD6UH2,"Primeramente, orar a Dios, ya que Él es el único que puede ayudarme a resolver los problemas que enfrento, posteriormente, analizo las posibles soluciones al problema para así tomar una decisión","Primeramente, orar a Dios, ya que Él es el único que puede ayudarme a resolver los problemas que enfrento, posteriormente, analizo las posibles soluciones al problema para así tomar una decisión",42
4/26/2024 14:33:09,4TF29YIO,Trato de resolverla de la mejor manera aún que no siempre termina así ,Trato de resolverla de la mejor manera aún que no siempre termina así,15
4/26/2024 14:35:23,UZNBAHRB,Cabeza fría y estar relajado ante cualquier cosa que pueda suceder ,Cabeza fría y estar relajado ante cualquier cosa que pueda suceder,18
4/26/2024 14:50:06,87RRAHBJ,"No reacciono con angustia, estoy algo calmado, no actuo de manera explosiva","No reacciono con angustia, estoy algo calmado, no actuo de manera explosiva",25
4/26/2024 15:01:39,EYYTA3LD,"Solo hacerlo, usualmente me desapego de la realidad por lo que no tengo una experiencia emocional al realizar esa acción.","Solo hacerlo, usualmente me desapego de la realidad por lo que no tengo una experiencia emocional al realizar esa acción.",27
4/26/2024 15:35:25,W49IM590,Pues muchas veces no se cómo actuar ,Pues muchas veces no se cómo actuar,8
4/26/2024 16:54:59,7HKJBSVI,Medito un rato y pienso en posibles soluciones ,Medito un rato y pienso en posibles soluciones,13
4/26/2024 16:57:51,41U4SDTP,Pensar,Pensar,2
4/26/2024 17:05:18,25DC2F4Q,Meditar si es una situación que está en mi control,Meditar si es una situación que está en mi control,11
4/26/2024 17:07:40,PPI1SV0E,"Primero me calmo, y espero para pensar todo objetivamente, evalúo las diversas soluciones y procedo con cautela, trato de no estresarme tanto","Primero me calmo, y espero para pensar todo objetivamente, evalúo las diversas soluciones y procedo con cautela, trato de no estresarme tanto",38
4/26/2024 18:22:59,KQGSATHF,Prepararme mentalmente para abordar el problema de una manera en la que no salga muy perjudicado,Prepararme mentalmente para abordar el problema de una manera en la que no salga muy perjudicado,24
4/26/2024 20:27:53,3ZF411GH,"Trato de calmarme para evitar hacer cosas por impulso que pueden hacer que las cosas empeoren, y después confrontar a la situación tratando de arreglarla","Trato de calmarme para evitar hacer cosas por impulso que pueden hacer que las cosas empeoren, y después confrontar a la situación tratando de arreglarla",36
4/28/2024 12:04:28,5CYE0BRU,Buscar otra alternativa y tratar de no pensar en eso demasiado ,Buscar otra alternativa y tratar de no pensar en eso demasiado,12
4/28/2024 17:44:49,43K4VHCP,"Al principio siempre trato de evitarlo a toda costa, pero claro, al final siempre termino afrontándolo","Al principio siempre trato de evitarlo a toda costa, pero claro, al final siempre termino afrontándolo",24
4/28/2024 22:35:59,FA8HZ0ZJ,Retomo los momentos pasados de dificultad y la solución dada entonces,Retomo los momentos pasados de dificultad y la solución dada entonces,16
4/29/2024 9:09:29,KFH9XJ94,Pienso en todos los resultados y actuó con confianza,Pienso en todos los resultados y actuó con confianza,11
4/29/2024 13:24:37,7I9KZQ70,"Trato de resolverla, de ser posible pido ayuda.","Trato de resolverla, de ser posible pido ayuda.",13
4/29/2024 13:26:44,TBIDV696,Comentarlo con mis amigos y así afrontar la situación. ,Comentarlo con mis amigos y así afrontar la situación.,13
4/29/2024 13:30:35,BR14PE8E,"Respiro, reviso a fondo el problema y lo divido en problemas mucho mas pequeños, despues, hago una lista mental de acuerdo a la dificultad y por ultimo abordo el problema de acuerdo a esa lista empezando por el mas facil.","Respiro, reviso a fondo el problema y lo divido en problemas mucho mas pequeños, despues, hago una lista mental de acuerdo a la dificultad y por ultimo abordo el problema de acuerdo a esa lista empezando por el mas facil.",56
4/29/2024 13:31:46,PRUNGY5A,"Pensar en varias alternativas para solucionar dicha situación, así como también buscar a personas de confianza que me ayuden en el proceso.","Pensar en varias alternativas para solucionar dicha situación, así como también buscar a personas de confianza que me ayuden en el proceso.",29
4/29/2024 13:39:07,WHUIDLRU,"No tengo una manera procedural de reaccionar ante situaciones así,solo las afronto y ya","No tengo una manera procedural de reaccionar ante situaciones así,solo las afronto y ya",22
4/29/2024 13:40:04,442SR3BQ,"Tomarme un espacio para poder pensar de mejor manera y no afectar a terceros.
",Tomarme un espacio para poder pensar de mejor manera y no afectar a terceros.,18
4/29/2024 13:53:27,R5NND2PJ,"Buscar una solución inmediata y sino tiene solución, simplemente no hacer nada ","Buscar una solución inmediata y sino tiene solución, simplemente no hacer nada",15
4/29/2024 14:03:24,S62P3R06,"Mantener la calma, ver que de puede rescatar de la situación, tratar de mejorar la situación,","Mantener la calma, ver que de puede rescatar de la situación, tratar de mejorar la situación,",23
4/29/2024 14:05:35,VBGGGTXX,"Al principio suelo estresarme y tratar de ignorarlo, para después resignarme a enfrentar la situación ","Al principio suelo estresarme y tratar de ignorarlo, para después resignarme a enfrentar la situación",24
4/29/2024 14:21:13,YO9QP9GQ,me enfoco en resolover el problema,me enfoco en resolover el problema,10
4/29/2024 14:21:52,TIRMAXIL,"De primer momento, me sirve llorar y sacar la frustración o sentimiento que sienta, eso me ayuda a darme fuerza y coraje para salir adelante.","De primer momento, me sirve llorar y sacar la frustración o sentimiento que sienta, eso me ayuda a darme fuerza y coraje para salir adelante.",36
4/29/2024 14:36:58,X939VKYG,"Buscar soluciones a mi problema ya que no gano ni resuelvo nada si yo sola me pongo trabas y hago más difícil la situación.
Lo hablo con quien sé que pueda ayudarme y pido opiniones principalmente a mi esposo ",Buscar soluciones a mi problema ya que no gano ni resuelvo nada si yo sola me pongo trabas y hago más difícil la situación. Lo hablo con quien sé que pueda ayudarme y pido opiniones principalmente a mi esposo,52
4/29/2024 14:50:49,EE1OP684,Buscar la solución de los problemas y actuar para evitar que crezca el problema,Buscar la solución de los problemas y actuar para evitar que crezca el problema,17
4/29/2024 15:07:54,G1NFK78R,desahogarme y mantenerme ocupada ,desahogarme y mantenerme ocupada,8
4/29/2024 16:31:34,TW29QEAI,"Pienso que es mejor ""agarrar al toro por los cuernos"" y hacer lo que se tiene que hacer. Solo identificas el problema, la solucion y la aplicas. ","Pienso que es mejor ""agarrar al toro por los cuernos"" y hacer lo que se tiene que hacer. Solo identificas el problema, la solucion y la aplicas.",42
4/29/2024 18:47:56,EC28OB0I,"Lloro, trato de desahogarme ","Lloro, trato de desahogarme",11
4/29/2024 23:14:46,YWDANKQ3,Sobrellevarla ,Sobrellevarla,4
4/30/2024 0:22:30,41GHNML3,Le pregunto a personas que tuvieron casos similares y pudo ayuda ,Le pregunto a personas que tuvieron casos similares y pudo ayuda,13
4/30/2024 0:30:58,ZYO6EKLW,A veces lloro antes de ponerme a ver que es lo que tengo que hacer,A veces lloro antes de ponerme a ver que es lo que tengo que hacer,18
4/30/2024 8:38:45,WLSM1SUM,Pienso mucho en cómo podría superarlo ,Pienso mucho en cómo podría superarlo,9
4/30/2024 10:44:29,7RSZOAWX,"Trato de calmarme, pensar en varias soluciones, y ver cual es la mejor solución ","Trato de calmarme, pensar en varias soluciones, y ver cual es la mejor solución",20
4/30/2024 11:00:56,NOQASZVA,Busco ayuda de terapeutas y amigos,Busco ayuda de terapeutas y amigos,10
4/30/2024 13:35:25,N9JIRQ1R,Trato de distraerme con otras cosas,Trato de distraerme con otras cosas,10
4/30/2024 14:30:58,RVJ6EPRG,Siempre preparado para lo que venga en la vida. ,Siempre preparado para lo que venga en la vida.,13
4/30/2024 18:16:40,2WMZZ63C,Trato de mentalizarme y motivarme para poder afrontarla y que aceptaré el resultado de dicha situación para un aprendizaje. A veces si no pierdes no aprendes ,Trato de mentalizarme y motivarme para poder afrontarla y que aceptaré el resultado de dicha situación para un aprendizaje. A veces si no pierdes no aprendes,39
4/30/2024 18:38:14,53710675,"Ver que opciones tengo para solucionarlo, pensar y meditar antes de tomar acción y realizarlo de la mejor manera para solucionarlo rápido","Ver que opciones tengo para solucionarlo, pensar y meditar antes de tomar acción y realizarlo de la mejor manera para solucionarlo rápido",33
4/30/2024 21:04:57,7CTEOZ0B,"por lo general le suelo dar varias vueltas a lo sucedido, y pensar mucho en ello, pero aún así al final es aceptar algo que no se puede cambiar.","por lo general le suelo dar varias vueltas a lo sucedido, y pensar mucho en ello, pero aún así al final es aceptar algo que no se puede cambiar.",33
5/1/2024 8:23:10,RJYNX3WD,Simplemente poco a poco ir afrontando hasta que pase,Simplemente poco a poco ir afrontando hasta que pase,12
5/1/2024 16:59:46,IRUH1G2Z,Busco consejos de alguien cercano o algún familiar ,Busco consejos de alguien cercano o algún familiar,10
5/1/2024 20:39:05,IYJTK4UN,"Respiro, pienso en soluciones y en las posibilidades consecuencias de casa posible solución.Ejecuto la que creo que es la mejor.","Respiro, pienso en soluciones y en las posibilidades consecuencias de casa posible solución.Ejecuto la que creo que es la mejor.",34
5/1/2024 21:34:58,J7YGJPIE,"Nada, solo estar enojado, puesto a que no puedo hacer nada para solucionarlo","Nada, solo estar enojado, puesto a que no puedo hacer nada para solucionarlo",20
5/1/2024 23:34:11,XA5DPHB3,"Llorar , llorar me ayuda mucho a liberarme pero si no puedo hacerlo porque estoy en un lugar donde no me siento cómoda , trato de respirar , relajarme , darme un respiro y para todo en mi vida por 3 min 
Después de eso trato de analizar todas las posibles soluciones y pido ayuda siempre es bueno recibir otra opinión de alguien en quien confías y es importante ","Llorar , llorar me ayuda mucho a liberarme pero si no puedo hacerlo porque estoy en un lugar donde no me siento cómoda , trato de respirar , relajarme , darme un respiro y para todo en mi vida por 3 min Después de eso trato de analizar todas las posibles soluciones y pido ayuda siempre es bueno recibir otra opinión de alguien en quien confías y es importante",92
5/2/2024 1:19:32,6QCKW4ZX,"A veces trato de evitar esas situaciones 
O ignorando lo que pasa
Pero si no puedo ver la manera de solucionar la situación ",A veces trato de evitar esas situaciones O ignorando lo que pasa Pero si no puedo ver la manera de solucionar la situación,29
5/2/2024 18:33:09,BHZT40UO,"Mantengo la compostura, trato de calmarme, analizo la situación y con pies en la tierra y mente fría afronto la situación.","Mantengo la compostura, trato de calmarme, analizo la situación y con pies en la tierra y mente fría afronto la situación.",34
5/2/2024 23:42:40,Q8HPCRF0,"Me doy un tiempo para analizar, y comprender lo que paso, y busco la forma de superarlo o solucionarlo.","Me doy un tiempo para analizar, y comprender lo que paso, y busco la forma de superarlo o solucionarlo.",30
5/3/2024 9:27:43,9OCOYQ5S,"Trato de afrontar la situación de la mejor manera y si se puede hacer rápido, lo intento para que no me afecte por un lapso largo de tiempo","Trato de afrontar la situación de la mejor manera y si se puede hacer rápido, lo intento para que no me afecte por un lapso largo de tiempo",34
5/3/2024 16:49:43,,"Analizar que sucedió previamente para que tal cosa sucediera, deducir que estuvo bien y mal, reconocer patrones y como puede mejorar/solucionarse.","Analizar que sucedió previamente para que tal cosa sucediera, deducir que estuvo bien y mal, reconocer patrones y como puede mejorar/solucionarse.",38
5/3/2024 16:49:47,UBXXESOE,Hablo con alguien más al respecto.,Hablo con alguien más al respecto.,8
5/7/2024 16:14:01,DLCOTDB3,"Mas que nada analiso y busco la solución al problema que me enfrento. Yo se que a veces no se va a poder solucinar esa situación dificil, pero siempre buscare uno solución a mis problemas.","Mas que nada analiso y busco la solución al problema que me enfrento. Yo se que a veces no se va a poder solucinar esa situación dificil, pero siempre buscare uno solución a mis problemas.",47
5/7/2024 17:52:41,73E51Z9Y,"Me quedo pausada, pensando un momento en todas las consecuencias por las cuales puedo pasar, y trato de darle calma a mi mente y buscar soluciones. ","Me quedo pausada, pensando un momento en todas las consecuencias por las cuales puedo pasar, y trato de darle calma a mi mente y buscar soluciones.",38
5/8/2024 0:16:33,NZNKVJN5,Analizar la situación y prepárame de la mejor manera si es necesario,Analizar la situación y prepárame de la mejor manera si es necesario,17
5/9/2024 13:11:23,K34YLW69,"Me causa preocupacion, miedo, pero a la vez me motiva a superarlo","Me causa preocupacion, miedo, pero a la vez me motiva a superarlo",20
5/9/2024 13:19:18,9NUZ5PKN,"Tener calma, buscar que solución se pude tener y a quien puede afectar ","Tener calma, buscar que solución se pude tener y a quien puede afectar",18
5/9/2024 13:20:19,QXWPZ23V,Ocuparme y no preocuparme. ,Ocuparme y no preocuparme.,11
5/9/2024 13:26:41,97RWBCRJ,"Pensar, eso ayuda mucho, por que las cosas se dieron por algo, y si es posible hayas una solución ","Pensar, eso ayuda mucho, por que las cosas se dieron por algo, y si es posible hayas una solución",24
5/9/2024 13:37:30,G63ZMG4B,"Suelo pensar mucho en eso, pero trato de contarselo a alguien, hago algo que me hace feliz para entretenerme y despues me vuelvo a concentrar y hacer algo para sulucionarlo.","Suelo pensar mucho en eso, pero trato de contarselo a alguien, hago algo que me hace feliz para entretenerme y despues me vuelvo a concentrar y hacer algo para sulucionarlo.",48
5/9/2024 13:48:45,GL74ZXRL,"intento no estresarme, relajarme y concentrarme para ser resiliente","intento no estresarme, relajarme y concentrarme para ser resiliente",19
5/9/2024 14:22:33,VXWOTMTO,"Mantener la calma y la claridad mental, evalúa la situación con objetividad y determinar una estrategia para superar el desafío, demás de confiar en mis habilidades para actuar determinación.","Mantener la calma y la claridad mental, evalúa la situación con objetividad y determinar una estrategia para superar el desafío, demás de confiar en mis habilidades para actuar determinación.",43
5/9/2024 14:27:31,7QQDXHQ7,"Trato de calmarme, respirar y entrar en razón lo más rápido que puedo para evaluar la situación. Debido a qué si no lo hago, no voy a ser capaz de resolver el problema. ","Trato de calmarme, respirar y entrar en razón lo más rápido que puedo para evaluar la situación. Debido a qué si no lo hago, no voy a ser capaz de resolver el problema.",46
5/9/2024 14:34:45,WW1GHWY1,Enfrentarlo sin pensarlo y tomar en cuenta la ayuda de otras personas si es necesario ,Enfrentarlo sin pensarlo y tomar en cuenta la ayuda de otras personas si es necesario,19
5/9/2024 14:35:17,4F5JZDBC,"Tranquilizarme, pensar y buscar la mejor solución ","Tranquilizarme, pensar y buscar la mejor solución",13
5/9/2024 16:15:48,9OS9PHYF,Algo realmente difícil mas de 1 año ,Algo realmente difícil mas de 1 año,8
5/9/2024 17:35:34,16RK386Y,Tratar de calmar la mente para no hacer las cosas inconscientemente por la desconcentración que genera una situación difícil .,Tratar de calmar la mente para no hacer las cosas inconscientemente por la desconcentración que genera una situación difícil .,28
5/9/2024 18:29:23,1RKPWNBF,Me pongo a pensar en que es lo que harían mis héroes ,Me pongo a pensar en que es lo que harían mis héroes,15
5/9/2024 18:31:44,BQK35SUL,"Estar mentalmente preparado para lo peor, y dar siempre lo mejor de mí.","Estar mentalmente preparado para lo peor, y dar siempre lo mejor de mí.",19
5/9/2024 18:46:39,3G5WW5TD,"Primero, trato de solucionarlo, si no, recurro a mis papás, también con mis amigos a que me aconsejen y finalmente actuo.","Primero, trato de solucionarlo, si no, recurro a mis papás, también con mis amigos a que me aconsejen y finalmente actuo.",39
5/9/2024 19:30:55,4L83S1WU,"Buscar todas las alternativas posibles, buscar ayuda o maneras de conseguir el mejor resultado en el menor tiempo posible","Buscar todas las alternativas posibles, buscar ayuda o maneras de conseguir el mejor resultado en el menor tiempo posible",23
5/9/2024 22:04:15,1OGWU084,"Trato de estar lo más tranquilo y no dejarme llevar por sentimientos, luego estos casos los trato en familia y buscamos la mejor opción posible","Trato de estar lo más tranquilo y no dejarme llevar por sentimientos, luego estos casos los trato en familia y buscamos la mejor opción posible",34
5/10/2024 13:59:01,IPYENR3M,"Normalmente analizo qué puedo hacer frente a esa situación y lo hago, sino, intento entender que está fuera de mi control y trato de mantenerme en calma, aunque soy muy sensible y cuando tengo oportunidad lo hablo o libero como creo pertinente.","Normalmente analizo qué puedo hacer frente a esa situación y lo hago, sino, intento entender que está fuera de mi control y trato de mantenerme en calma, aunque soy muy sensible y cuando tengo oportunidad lo hablo o libero como creo pertinente.",58
5/10/2024 15:00:27,XTINAGL2,"Tratar de solucionarla lo más pronto posible, sin embargo, hay momentos donde decido ignorarla teniendo comportamientos hedonistas.","Tratar de solucionarla lo más pronto posible, sin embargo, hay momentos donde decido ignorarla teniendo comportamientos hedonistas.",31
5/10/2024 15:20:56,PJEM9DJR,Si siento que no puedo hacer nada por mi cuenta busco apoyo,Si siento que no puedo hacer nada por mi cuenta busco apoyo,15
5/10/2024 16:27:26,90SG09DL,Tranquilizarme y pensar en una serie de pasos para dar solucion que yo pueda realizar en ese momento,Tranquilizarme y pensar en una serie de pasos para dar solucion que yo pueda realizar en ese momento,25
5/10/2024 19:40:06,ZO6GKY6S,"Trato de ir a un lugar ""seguro"", e intento relajarme ","Trato de ir a un lugar ""seguro"", e intento relajarme",17
5/10/2024 22:31:28,S45KT7YO,Trato de pensar con objetividad las cosas y tomar la mejor decision para mi,Trato de pensar con objetividad las cosas y tomar la mejor decision para mi,16
5/12/2024 0:48:52,T6C4YU2L,"Comprendo la situacion, analizo la situacion, propongo la mejor opcion y la realizo","Comprendo la situacion, analizo la situacion, propongo la mejor opcion y la realizo",23
5/12/2024 20:18:00,9TQIQ8J0,"Pensar que esto es solo un momento y mientras siga vivo, no hay mucho de que preocuparse","Pensar que esto es solo un momento y mientras siga vivo, no hay mucho de que preocuparse",23
5/12/2024 20:47:26,QOKLYQJZ,"Le cuento a una persona mayor o a varias y solicito que me den un consejo, le cuento a mi mamá porque debe saber todo lo que pasa en mi vida, ella también me da un consejo y en base a eso tomo una decisión o hago lo que crea correcto. En caso de estar sola pienso las consecuencias y hago lo que creo correcto","Le cuento a una persona mayor o a varias y solicito que me den un consejo, le cuento a mi mamá porque debe saber todo lo que pasa en mi vida, ella también me da un consejo y en base a eso tomo una decisión o hago lo que crea correcto. En caso de estar sola pienso las consecuencias y hago lo que creo correcto",81
5/13/2024 9:54:13,AR2SHENR,"Pongo primero mi estabilidad emocional y física, después enfrento la situación siendo lo más neutral posible y busco una solución que sea a corto, mediano y largo plazo, dado el caso.","Pongo primero mi estabilidad emocional y física, después enfrento la situación siendo lo más neutral posible y busco una solución que sea a corto, mediano y largo plazo, dado el caso.",43
5/13/2024 18:24:51,MXD2BDEN,"No estoy seguro, últimamente todo me parece difícil  ","No estoy seguro, últimamente todo me parece difícil",11
5/13/2024 20:32:28,I9HEYDJ0,Busco la solución más rápida al problema,Busco la solución más rápida al problema,8
5/13/2024 20:43:31,C2VL95E5,Ser valiente y enfrentarla esperando que salga lo mejor posible.,Ser valiente y enfrentarla esperando que salga lo mejor posible.,15
5/13/2024 20:44:20,YOP5JWEP,GUARDAR LA CALMA PARA PENSAR BIEN LO QUE TENGO QUE HACER ,GUARDAR LA CALMA PARA PENSAR BIEN LO QUE TENGO QUE HACER,29
5/13/2024 20:46:18,YG3TTUE9,Ignorarla hasta que llegue el momento y actuar sobre la marcha,Ignorarla hasta que llegue el momento y actuar sobre la marcha,15
5/13/2024 22:36:11,ZOYW0DWU,Primero analizó la situación y buscó cuál sería la mejor solución ,Primero analizó la situación y buscó cuál sería la mejor solución,15
5/14/2024 10:02:00,V5J3IP8N,Solo mentalizarme y ya ,Solo mentalizarme y ya,6
5/15/2024 20:14:17,E4EGEZ1X,Tomar valor tras motivarme por pensar en cosas que personalmente resultan importantes para enfrentar lo que sucede y pensando que todo tiene solución bien o mal sea.,Tomar valor tras motivarme por pensar en cosas que personalmente resultan importantes para enfrentar lo que sucede y pensando que todo tiene solución bien o mal sea.,34
5/15/2024 20:43:29,DJWQSCW2,Pensar demasiado en las soluciones para lograr superar el reto a enfrentar y darl sin parar,Pensar demasiado en las soluciones para lograr superar el reto a enfrentar y darl sin parar,20
5/15/2024 21:34:45,3KRGQIMS,"Me tomo mi tiempo, proceso mi razonamiento, es en el momento que mas hablo conmigo mismo, busco como afrontar la situación de la mejor manera.","Me tomo mi tiempo, proceso mi razonamiento, es en el momento que mas hablo conmigo mismo, busco como afrontar la situación de la mejor manera.",36
5/15/2024 22:02:58,0K4CZRKQ,"Tranquilizarme, tratar de tener paciencia y analizar la situación para accionar de manera rápida y eficaz ","Tranquilizarme, tratar de tener paciencia y analizar la situación para accionar de manera rápida y eficaz",27
5/15/2024 23:23:27,5GRMSXOF,"Intentar arreglarlo o hablarlo con alguien, un consejo o ayuda no está de más ","Intentar arreglarlo o hablarlo con alguien, un consejo o ayuda no está de más",21
5/16/2024 0:26:26,TDU8A4SC,Buscar una solución inmediata ,Buscar una solución inmediata,6
5/16/2024 0:29:08,QN6SP8W7,Tratar de estresarme lo menos posible para llegar a pensar en soluciones eficaces ,Tratar de estresarme lo menos posible para llegar a pensar en soluciones eficaces,19
5/16/2024 0:35:07,CHNLHC6X,"Pensar en eso día y noche, revisar pros y contras, y finalmente llorar","Pensar en eso día y noche, revisar pros y contras, y finalmente llorar",20
5/16/2024 0:55:45,IX724P8G,"En primera es mantener la cabeza firme
Analizar la situación
Averiguar qué soluciones tiene
Si no tiene solución, pues tratar de reducir las consecuencias
Y creo que a base de eso, podre sobrellevar alguna situación difícil ","En primera es mantener la cabeza firme Analizar la situación Averiguar qué soluciones tiene Si no tiene solución, pues tratar de reducir las consecuencias Y creo que a base de eso, podre sobrellevar alguna situación difícil",48
5/16/2024 1:13:18,B05YDAZ0,"Primero acepto que es una situación muy difícil, pienso en los posibles desenlaces y trato de ser fuerte ","Primero acepto que es una situación muy difícil, pienso en los posibles desenlaces y trato de ser fuerte",28
5/16/2024 1:41:10,AJKRH064,"Evaluó si puedo son esto solo si es así empiezo a buscar una solución, si no creo poder pido ayuda","Evaluó si puedo son esto solo si es así empiezo a buscar una solución, si no creo poder pido ayuda",28
5/16/2024 1:44:31,1RHBUABD,"Dependiendo de mi situación emocional la postergo, o intento enfrentarla de un inicio utilizando una táctica similar a la descrita anteriormente ","Dependiendo de mi situación emocional la postergo, o intento enfrentarla de un inicio utilizando una táctica similar a la descrita anteriormente",29
5/16/2024 1:45:41,86IH30I7,"Siempre tranquilizarte y pensar en las soluciones o decisiones que debes tomar, considerar opciones que hay y decidir qué es lo mejor.","Siempre tranquilizarte y pensar en las soluciones o decisiones que debes tomar, considerar opciones que hay y decidir qué es lo mejor.",32
5/16/2024 7:20:37,7SV40TFC,"Hace muy poco, cuestión de días diría yo.","Hace muy poco, cuestión de días diría yo.",12
5/16/2024 8:27:32,G2H8Q8RA,Intento no estresarme o molestarme y busco una solución aceptable para el momento ,Intento no estresarme o molestarme y busco una solución aceptable para el momento,21
5/16/2024 8:38:22,JC7G5EHG,"Tratar de no estar nerviosa y tener la mente clara y no sobre pensar, algunas veces pedir ayuda o un consejo","Tratar de no estar nerviosa y tener la mente clara y no sobre pensar, algunas veces pedir ayuda o un consejo",26
5/16/2024 8:46:06,91VK19HH,Uno de mis malos hábitos es evitar la situación,Uno de mis malos hábitos es evitar la situación,12
5/16/2024 9:12:26,KCXYQUUD,Buscar relajarme y pensar en como podre sobrellevarla ,Buscar relajarme y pensar en como podre sobrellevarla,16
5/16/2024 9:19:48,X7WQGQMT,"Tratar de sobre llevarlo, no enfocarme mucho en la situacion","Tratar de sobre llevarlo, no enfocarme mucho en la situacion",17
5/16/2024 9:36:26,BLO78S1C,Trato de tranquilizarme y pensar mejor las cosas ,Trato de tranquilizarme y pensar mejor las cosas,14
5/16/2024 9:59:21,8MM32FBW,"Lloro, me enojo y hago todo más difícil ","Lloro, me enojo y hago todo más difícil",13
5/16/2024 10:42:34,PYVXS5Y5,"Evaluó que puedo ser capaz de resolver y lo hago, y si esta fuera de mi alcance busco ayuda ","Evaluó que puedo ser capaz de resolver y lo hago, y si esta fuera de mi alcance busco ayuda",25
5/16/2024 11:30:00,DJRCLO8P,"pensar mucho antes de actuar, pero lamentablemente siempre actuo antes de pensar y siempre me ha traido consecuencias negativas","pensar mucho antes de actuar, pero lamentablemente siempre actuo antes de pensar y siempre me ha traido consecuencias negativas",27
5/16/2024 12:00:29,ZJWB22YX,Trato de calmarme y pensar las cosas y su posible solucion,Trato de calmarme y pensar las cosas y su posible solucion,16
5/16/2024 12:53:47,3EAZ56FK,Sobrepienso mucho las cosas ,Sobrepienso mucho las cosas,6
5/16/2024 13:11:17,ZT2GVR76,"En una situación difícil principalmente es estar tranquilo , y lo primero que se tiene que hacer es encontrar una solución o posible estrategia para poder minimizar el daño . Después se puede pensar en que lo ocasiono , pero primero deberá de estar en revolver y buscar un culpable .","En una situación difícil principalmente es estar tranquilo , y lo primero que se tiene que hacer es encontrar una solución o posible estrategia para poder minimizar el daño . Después se puede pensar en que lo ocasiono , pero primero deberá de estar en revolver y buscar un culpable .",61
5/16/2024 13:25:14,614O6Y4I,Evaluar cada situacion en cuanto a su impacto en mis responsabilidades y lograr mi control emocional.,Evaluar cada situacion en cuanto a su impacto en mis responsabilidades y lograr mi control emocional.,22
5/16/2024 13:45:24,14XGFLGK,Trato de respirar fuertemente y pensar en cosas positivas. Para tener el valor de afrontar las situaciones que se me presenten de manera tranquila.,Trato de respirar fuertemente y pensar en cosas positivas. Para tener el valor de afrontar las situaciones que se me presenten de manera tranquila.,33
5/16/2024 13:54:46,CKOKU9P4,Pienso que es lo primero que podria hacer para solucionarlo y busco la manera de lograrlo ,Pienso que es lo primero que podria hacer para solucionarlo y busco la manera de lograrlo,23
5/16/2024 16:56:55,BGD4M2IP,"Calmarme , ver la situacion desde otro punto de vista y tratar de tomar las decisiones sin tomar en cuenta las emociones del momento","Calmarme , ver la situacion desde otro punto de vista y tratar de tomar las decisiones sin tomar en cuenta las emociones del momento",29
5/16/2024 16:57:14,KGOL6JXH,analizo a fondo la situación,analizo a fondo la situación,6
5/16/2024 17:16:08,V6MYHJGB,"Escuchar música, buscar situaciones similares que haya pasado anteriormente y pensar en que haría una mejor versión mía ","Escuchar música, buscar situaciones similares que haya pasado anteriormente y pensar en que haría una mejor versión mía",23
5/17/2024 0:16:31,JZEC253P,"Orar y confiar en Dios, y evalúo la situación","Orar y confiar en Dios, y evalúo la situación",15
5/17/2024 0:54:15,Y29P2VU6,"La neta, primero, entrar en pánico, ya después ver los peores escenarios y empezar a prevenir/actuar según esos casos","La neta, primero, entrar en pánico, ya después ver los peores escenarios y empezar a prevenir/actuar según esos casos",29
5/17/2024 1:12:43,ORL0OVLI,"Pues afrontar primero la realidad, decirme a mi misma que pasa y como puedo actuar, así como ponerlo en manos de Dios y que sea a su voluntad ","Pues afrontar primero la realidad, decirme a mi misma que pasa y como puedo actuar, así como ponerlo en manos de Dios y que sea a su voluntad",35
5/17/2024 2:06:42,9N0G1GM1,"Tratar de lamentarme lo menos posible y optar por una postura optimista para enfrentar los problemas. Siempre trato de ver el lado bueno de las cosas y decirme a mi mismo que todo saldrá bien, solo hay que seguirle dando.","Tratar de lamentarme lo menos posible y optar por una postura optimista para enfrentar los problemas. Siempre trato de ver el lado bueno de las cosas y decirme a mi mismo que todo saldrá bien, solo hay que seguirle dando.",56
5/17/2024 2:32:37,8TO1OH28,Trato de hacer lo posible y reflexiono con distintas formas para solucionar la situación difícil.,Trato de hacer lo posible y reflexiono con distintas formas para solucionar la situación difícil.,21
5/17/2024 8:59:10,MCPCHOLY,"Tomar calma , reflexionó un poco y después actuó ","Tomar calma , reflexionó un poco y después actuó",14
5/17/2024 9:32:45,J4TCSVW0,"Plantear la situación, analizar riesgos y beneficios, analizar alternativas y tomar la decisión.","Plantear la situación, analizar riesgos y beneficios, analizar alternativas y tomar la decisión.",21
5/17/2024 9:44:25,UNBMV59R,Normalmente juego videojuegos para olvídarme de todo ,Normalmente juego videojuegos para olvídarme de todo,12
5/17/2024 10:34:41,2CMHRG7X,"Mantener la calma, evaluar la situación, en caso necesario pedir ayuda y evaluar mis alternativas para su solución ","Mantener la calma, evaluar la situación, en caso necesario pedir ayuda y evaluar mis alternativas para su solución",26
5/17/2024 10:45:56,AYNOOGEB,Logro buscar todas las alternativas posibles para buscar la mejor situacion ante los hechos,Logro buscar todas las alternativas posibles para buscar la mejor situacion ante los hechos,17
5/17/2024 10:55:25,ICZPD6VE,"Analizar bastante la situación y ver los posibles caminos que podría seguir para enfrentarla. Así como, visualizar las consecuencias que podría afrontar al seguir cada uno.","Analizar bastante la situación y ver los posibles caminos que podría seguir para enfrentarla. Así como, visualizar las consecuencias que podría afrontar al seguir cada uno.",35
5/17/2024 11:40:20,KXHR1RPU,"Tranquilizarme, aveces juego videojuegos o trato de dormir para pensar bien en como solucionar mi situación","Tranquilizarme, aveces juego videojuegos o trato de dormir para pensar bien en como solucionar mi situación",28
5/20/2024 1:29:54,7PFSQZGK,Hablarlo con cuantas personas pueda para buscar soluciones plausibles ,Hablarlo con cuantas personas pueda para buscar soluciones plausibles,15
5/20/2024 8:07:43,RK9BOLBA,"Trato de analizar como puedo resolver esa situación y de no frustrarme, y de ser posible resolver dicha situación.  ","Trato de analizar como puedo resolver esa situación y de no frustrarme, y de ser posible resolver dicha situación.",27
5/22/2024 19:49:00,AI6RPUWX,"Intento de mantener la calma, analizar la situación y actuar con base en mis principios ","Intento de mantener la calma, analizar la situación y actuar con base en mis principios",19
5/24/2024 11:34:36,KIBDSKF6,"Las situaciones dificiles en parte me motivan porque me generan ese sentimiento de competitividad, asi que me auto motivo, me hago creer que soy capaz de sobreponerme a cualquier dificultad.","Las situaciones dificiles en parte me motivan porque me generan ese sentimiento de competitividad, asi que me auto motivo, me hago creer que soy capaz de sobreponerme a cualquier dificultad.",47
5/24/2024 19:04:24,19QO0M44,Trato de calmarme y afrontarlo lo más pronto posible ,Trato de calmarme y afrontarlo lo más pronto posible,14
6/12/2024 18:05:58,I01P7HCR,"Me pongo a llorar, después pienso en las razones de la situación, busco posibles soluciones y tomo una decisión. ","Me pongo a llorar, después pienso en las razones de la situación, busco posibles soluciones y tomo una decisión.",29
